{"cameraMode":{"drawMode":0,"name":"Shaded","section":"Shading Mode"},"sceneLighting":false,"audioPlay":false,"sceneViewState":{"showFog":true,"showMaterialUpdate":false,"showSkybox":false,"showFlares":true,"showImageEffects":true,"showParticleSystems":true},"in2DMode":false,"pivot":{"x":0.0,"y":0.052000001072883609,"z":0.16099999845027924},"rotation":{"x":0.7259312868118286,"y":-0.003094905288890004,"z":0.003266712883487344,"w":0.6877522468566895},"size":0.08660253882408142,"orthographic":false}