{"cameraMode":{"drawMode":0,"name":"Shaded","section":"Shading Mode"},"sceneLighting":false,"audioPlay":false,"sceneViewState":{"showFog":true,"showMaterialUpdate":false,"showSkybox":false,"showFlares":true,"showImageEffects":true,"showParticleSystems":true},"in2DMode":false,"pivot":{"x":0.0,"y":0.08699999749660492,"z":-0.14800000190734864},"rotation":{"x":0.7051969766616821,"y":-0.0006372217903845012,"z":0.0006348149618133903,"w":0.7090127468109131},"size":0.08660253882408142,"orthographic":false}